Nb	Obj	Type	Label	CX (pix)	CY (pix)	CZ (pix)	CX (unit)	CY (unit)	CZ (unit)	Xmin (pix)	Ymin (pix)	Zmin (pix)	Xmax (pix)	Ymax (pix)	Zmax (pix)	VolBounding (pix)	RatioVolbox	Vol (unit)	Vol (pix)	Surf (unit)	Surf (pix)	SurfCorr (pix)	Comp (pix)	Spher (pix)	CompCorr (pix)	SpherCorr (pix)	Comp (unit)	Spher (unit)	CompDiscrete	Feret (unit)	Ell_MajRad	Ell_Elon	Ell_Flatness	volEllipsoid (unit)	RatioVolEllipsoid	Moment1	Moment2	Moment3	Moment4	Moment5	DCMin (unit)	DCMax (unit)	DCMean (unit)	DCSD (unit)	
0	1	0	obj1-val2244	977.7127984084881	77.38322281167109	10.735610079575597	160.34489893899206	12.69084854111406	4.294244031830239	952	59	0	1006	97	23	51480.0	0.29292929292929293	162.236672	15080	332.5329600000093	6786.0	4437.5566	0.08230258777456313	0.4349822396649175	0.29432241629450484	0.6651829570235379	0.08095549579299552	0.43259597688004103	0.9640198437981509	11.648082733154297	5.150822749677417	1.3794528308620062	1.498555071363909	200.73910630821482	0.8081966438114048	867.8250258610587	214679.01935747208	1.4754813392672043E7	3.508122394842374	0.02257549135496442	1.3332375836693056	6.859581216298587	3.5916646839501474	0.9297708249336089	
1	2	0	obj2-val3142	1187.020024205083	220.65980855979757	22.528147577657975	194.67128396963363	36.1882086038068	9.01125903106319	1166	193	7	1209	249	41	87780.0	0.31062884483937114	293.34929280000006	27267	466.663968000062	9272.0	5880.6896	0.10548891389204196	0.47250085555887755	0.4134683964165251	0.7449848480719579	0.09576562693166493	0.4575131258580769	0.9757441719562018	13.707358360290527	5.97565304841932	1.4231749569083145	1.2938114561194192	341.0806891524223	0.8600583443435814	1187.3612549003155	411706.41180574475	4.259749025017767E7	3.4243497531528613	0.02544692984280029	2.2995415099712164	7.547983314428785	4.377594210941374	0.9459889679618677	
2	3	0	obj3-val3591	569.2080499653018	141.82373351839001	22.53934767522554	93.3501201943095	23.259092297015965	9.015739070090216	554	127	14	587	159	34	23562.0	0.3057889822595705	77.514272	7205	168.21676799999335	3454.0	2206.7466333333336	0.1424798154961584	0.5222976399453346	0.5463399086300958	0.8174997751804016	0.14276043583411835	0.5226403108813863	0.9703414281014094	8.202518463134766	3.446622924601588	1.3782860616434245	1.083491869245211	83.32311930418051	0.9302852875325677	436.10934926907305	59051.57937760822	2542147.7513750456	3.220766769059746	0.03064887917357477	1.5167934356993789	4.73583833982827	2.653021610949623	0.45198873509884613	
3	4	0	obj4-val4938	1043.5664145234493	44.26995461422088	22.262450832072616	171.1448919818457	7.260272556732224	8.904980332829046	1026	17	13	1067	74	33	51156.0	0.3230315114551568	177.78256000000002	16525	317.1353280000033	6792.0	4483.367	0.09856943747015812	0.4619352399111553	0.3427065754359093	0.6998003345065441	0.11207192014733115	0.48213195974556844	0.969562997375679	10.304503440856934	5.107806681425219	1.4867892863310204	1.2562281136387066	201.01320557042453	0.8844322416305843	843.4507181312288	204352.02657075418	1.479513482951941E7	3.4812921890440345	0.02465697474193668	1.867599265843484	5.59781213522649	3.5316830327271487	0.7281835106516948	
4	5	0	obj5-val5835	1077.6748746741528	218.0690194505715	26.660597553639462	176.73867944656106	35.76331918989373	10.664239021455785	1047	182	14	1114	238	45	124032.0	0.20103682920536636	268.26070400000003	24935	477.5640640000575	10132.0	6768.380000000001	0.06760605201450336	0.4073761333775247	0.22678635352536466	0.6098255826027561	0.07472597244746552	0.421202461623649	0.9653193737515935	15.274868965148926	7.198404593314379	1.4684142549914092	2.0543654638438595	352.71380472803014	0.7605619638472896	1515.8806751764264	579596.0793905997	4.555275667873687E7	3.9646476280332945	0.01307734600030482	0.949716955527252	7.833458853461251	4.612142837344669	1.4030929974315929	
5	6	0	obj6-val6284	974.0748160035416	84.06219910353605	25.770073598583366	159.74826982458083	13.786200652979913	10.308029439433348	955	62	12	996	108	40	57246.0	0.3156727107570835	194.41504640000005	18071	319.2030400000041	6394.0	4121.091166666667	0.14128590878784628	0.5208346866912146	0.5276914761325574	0.8080905468102116	0.1314350103635643	0.5084371960648586	0.9783094435990292	11.708372116088867	5.681538900159709	1.6019798739575533	1.39523351343702	214.5485239156557	0.9061588625817318	954.0345697909211	240486.39156053992	1.6854691603589494E7	3.784754532054339	0.01941013138375148	1.4551730696580643	6.034200368632987	3.87453959807483	0.9114064069851381	
6	7	0	obj7-val7182	1232.7269752985442	172.90217569115	30.88447570750859	202.16722394896127	28.3559568133486	12.353790283003436	1198	151	19	1277	198	51	126720.0	0.24120107323232323	328.83049600000004	30565	533.8331200000816	11306.0	7496.0788	0.07310957012925874	0.418143280492943	0.25084112731005914	0.6306662367492888	0.08038592330346046	0.43157906162011844	0.9693532169517657	16.109140396118164	7.150131270056243	1.6397248795096255	1.332803272186253	427.28988355151375	0.7695723878760085	1502.8837203310468	595417.489397736	6.685208702972373E7	3.7934046564885406	0.019694222024329227	1.765224262573251	9.68260264811058	4.607162219599298	1.4201415486003597	
7	8	0	obj8-val7631	1232.567970581104	209.54913925482907	33.9417279560333	202.14114717530106	34.36605883779197	13.57669118241332	1193	189	19	1258	236	49	98208.0	0.2519753991528185	266.22736640000005	24746	451.6494400000563	9180.0	5959.344133333333	0.08952294221161373	0.44734762058682315	0.32724046023265396	0.6891107077614811	0.08700682826368807	0.4431167150044861	0.971510301555566	12.227579116821289	5.582347724320419	1.1069359290664076	1.6445182407557863	361.622613473325	0.7362022077185122	1226.9308681797288	457827.8873462778	4.7882951195604116E7	3.288046440372658	0.025925111375094713	0.47772865584947055	6.550473659605444	4.275261835965291	0.9980360758129035	
8	9	0	obj9-val8080	1009.2074439936497	87.86540836126301	27.04361439407303	165.51002081495855	14.409926971247133	10.817445757629212	984	64	13	1029	120	46	89148.0	0.2543635303091488	243.9574784	22676	392.99123200003027	7992.0	5153.569566666667	0.11392494942197318	0.48477468102857474	0.42487467125426864	0.7517733864611438	0.11090013173552546	0.4804457312450488	0.9757321687463997	13.645832061767578	7.500994891414893	1.9509576539332794	1.4988911903115596	309.8699085931016	0.7872899937513682	1443.0930498071393	448990.61182799673	3.515835578337973E7	4.638220701147889	0.011698914082123835	1.597430756139265	7.866742165210457	4.583617641008218	1.3782251934830723	
9	10	0	obj10-val8529	1302.4159790438769	228.3147347740668	29.586378519973806	213.5962205631958	37.44361650294696	11.834551407989522	1286	213	22	1320	244	37	17920.0	0.42606026785714285	82.14038400000001	7635	155.3158719999953	3360.0	2246.2713666666664	0.17380114132924188	0.5580645830087834	0.5816795460827501	0.8347592962392597	0.20366589647098543	0.5883552974011446	0.976230867230671	6.663674831390381	3.13618676886307	1.110699593018031	1.1998715257078978	87.29037720767063	0.9410015929313905	434.0108526917165	61183.16641795618	2789988.987205282	3.0787131703420454	0.03412720495774334	1.7016657022204296	3.8068557458584444	2.625707406491268	0.3544844555010448	
10	11	0	obj11-val8977	926.0767366720517	81.97691168551427	27.913099084544964	151.87658481421647	13.444213516424341	11.165239633817986	888	62	17	966	103	39	76314.0	0.19466939224781823	159.82679040000002	14856	329.79088000000763	6756.0	4391.144266666667	0.08094447902963467	0.4325763528512436	0.29479698530938225	0.6655402813825896	0.08054444719438221	0.4318625714579691	0.9633952829772161	13.850691795349121	7.327348354479081	1.8145324910678065	2.712858629478875	184.48983588539696	0.8663175921479092	1342.4367357424412	356166.0352539999	1.2462771648241881E7	5.059821013493404	0.005151493466200096	0.922230767358743	7.364309201024595	4.124745773519008	1.3650585485274322	
11	12	0	obj12-val9426	985.1076405574244	120.86162347983588	28.275810446161238	161.5576530514176	19.821306250693087	11.310324178464496	957	89	14	1012	152	46	118272.0	0.4574709145021645	582.0939904	54106	580.2766080000636	12178.0	8109.420233333334	0.18332230984130873	0.5680745753285785	0.6208315953098652	0.8530829661236234	0.19612520634031774	0.5810025524449199	0.9886258874449038	13.500509262084961	6.235310986464968	1.25060694629254	1.0884051371466452	596.5278007272733	0.9758036250621079	1574.989408048002	796232.0688478472	1.3029601263147943E8	3.11541287083906	0.03335018236616344	4.247840491160959	7.321244767008302	5.235772650137385	0.5566603795529814	
12	13	0	obj13-val9875	1103.0932874354562	144.5407917383821	24.352495697074012	180.90729913941482	23.704689845094666	9.740998278829606	1091	136	17	1115	155	37	10500.0	0.27666666666666667	31.253152	2905	97.63510400000175	1886.0	1211.8058333333333	0.14227204750999675	0.5220436404342682	0.5363465984744592	0.8124846727078279	0.11869216240433461	0.49144432296241947	0.9590066318443833	8.452821731567383	4.103540791635267	2.4270679965038635	1.3366382760788103	36.76097927937621	0.8501719108863286	395.92634827966907	27527.425675981845	494816.18063347536	5.694599818640055	0.007972612932188648	0.936634639358126	5.202572356479987	2.3174114390245992	0.8422288301614284	
13	14	0	obj14-val10324	1123.5026782035434	212.85826122785332	27.24103831891224	184.25443922538113	34.908754841367944	10.896415327564895	1112	204	21	1135	223	35	7200.0	0.33708333333333335	26.110636800000005	2427	81.79008000000155	1648.0	1045.0097333333333	0.1488402202616587	0.5299566877919718	0.5837554114502814	0.8357511313706302	0.14092414286995622	0.520389770660224	0.9581247844496985	5.772643089294434	2.7208618310905757	1.4235702121315406	1.4679304085904665	28.36251914386689	0.9206035848774797	237.05061250233965	15823.722542907337	294550.220808754	3.5511866904492555	0.02211241147279179	1.0818747881167703	3.198076893403963	1.906313811578131	0.41417822896670403	
14	15	0	obj15-val10773	1021.6942613252197	215.502915821501	27.92680865449628	167.55785885733604	35.34247819472617	11.170723461798513	990	189	15	1056	236	44	96480.0	0.245273631840796	254.5867776	23664	469.8285120000594	9594.0	6143.430400000001	0.07171822697914289	0.4154737242079516	0.2731466380242805	0.6488315402668148	0.07068153216403876	0.41346209603206613	0.9660788608160463	13.735345840454102	6.296187007144633	1.136081913285667	2.7724347288630615	292.1734995849776	0.8713547873494063	1382.2097698276548	517938.71241323487	3.125729514041207E7	3.688667794120653	0.011836669415655613	1.3491810106280797	7.033397713725526	4.394702931766014	1.2169427786116294	
15	16	0	obj16-val11222	1223.921968787515	227.4359743897559	32.02050820328131	200.72320288115247	37.29949979991997	12.808203281312524	1206	212	21	1240	246	43	28175.0	0.35478260869565215	107.5409664	9996	213.42041599998666	4254.0	2775.4502333333335	0.14679538816494286	0.527518564906014	0.5285724644780848	0.8085400029584892	0.13455268140108922	0.5124259040682397	0.9743006921291891	9.139139175415039	4.36560115156244	1.5491980207936045	1.2029387341248667	120.71559460493098	0.890862251492461	603.9395518626134	103507.39446377591	5335762.67128075	3.523835028343429	0.02422233951945986	1.7644885282873537	4.858120229081941	3.100253075248486	0.6705483441155395	
16	17	0	obj17-val11671	677.8344547331957	98.10578908800213	26.892345613216975	111.16485057624409	16.089349410432348	10.75693824528679	650	85	17	710	118	39	47702.0	0.31468282252316465	161.49434240000002	15011	281.86220799998847	5918.0	3912.766933333334	0.12295515479483948	0.497258883355318	0.4254217448606415	0.7520959121459205	0.13172143371321646	0.5088062567442011	0.9737673127940542	10.08358383178711	5.0399433118280985	1.1822955791077512	2.146428434881491	178.72981202287696	0.9035669011912191	883.3497015926296	218914.61805673107	1.1696710628437273E7	3.5644339433814034	0.016969371041876558	1.3933296843738223	5.466225651961334	3.642422191899484	0.8380740077211559	
17	18	0	obj18-val12119	864.0819020763906	101.11695719046398	28.754550115355038	141.70943194052808	16.583180979236094	11.501820046142015	834	81	15	891	125	40	67860.0	0.22994400235779547	167.87407360000003	15604	311.0450240000007	6626.0	4363.855233333333	0.09466075458359932	0.4557468356939132	0.33137004913326046	0.6919973277857849	0.10591314335907676	0.47313340379512114	0.9679634478698136	11.923077583312988	5.874416991456825	1.5659475843245168	1.8398012647796573	188.21643653809755	0.8919203693776236	980.4229113334688	237631.87794689904	1.2971339971311029E7	4.04503424949741	0.013763994396291392	1.546989226277481	6.387736233731388	3.8331109968526254	1.0334191809909665	
18	19	0	obj19-val12568	707.8145856157286	115.85991768572528	27.476504900364198	116.08159204097949	19.001026500458945	10.99060196014568	673	98	15	751	149	43	119132.0	0.28349226068562605	363.3434432	33773	522.4449600000701	10920.0	7262.021033333333	0.09906579712011308	0.4627093202515775	0.3368365000846605	0.695781774796743	0.10470451189835915	0.4713267899751657	0.9763149562606509	13.747894287109375	6.44698683510762	1.0425697778427865	2.3276909520932896	443.6325024644856	0.8190189879721155	1614.7361030417435	743904.847604978	7.206368439653167E7	3.5049814379633952	0.017116375120489056	1.5702670487439874	7.794394698492007	4.892186949111309	1.2073778582736243	
19	20	0	obj20-val13017	892.7533303805662	138.04487070287215	29.78109774794726	146.41154618241288	22.639358795271033	11.912439099178904	866	115	14	916	162	47	83232.0	0.35264081122645136	315.76979840000007	29351	434.34940800004784	8744.0	5708.2938	0.14573629736618024	0.5262468662084118	0.5238165612430123	0.8061077101584008	0.13761819310784532	0.5162882456508728	0.9821891442333229	14.48486328125	7.523503916715917	2.1568746219227983	1.1067008302502137	346.47268806545424	0.9113843869284903	1463.125399609421	474109.91410836054	4.395494688389175E7	4.515273507849386	0.014033406667676917	2.1128667919334045	7.307220624958004	4.833640107681454	1.2599656672642867	
20	21	0	obj21-val13466	1014.6537063811496	235.38079793677466	30.782931499355243	166.40320784650854	38.60245086163105	12.313172599742098	971	215	18	1060	252	42	85500.0	0.29930994152046786	275.3182144	25591	482.60345600006656	9738.0	6354.960266666667	0.08020797953482728	0.43126037620534546	0.2885947115487892	0.6608396961121807	0.07626951400262215	0.42408283929560114	0.9694777142165888	14.790691375732422	8.257362931374503	1.6954627800573157	2.547942909612292	321.9930476567704	0.8550439719228857	1776.4208384900123	674969.3893868899	3.796319344735782E7	4.675280160909253	0.006772128041095445	1.0730086571352988	7.9135149214355724	4.768517009514275	1.5023568874195607	
21	22	0	obj22-val13915	1042.7588536175863	86.01253367693569	27.19643903010425	171.01245199328415	14.106055523017453	10.8785756120417	1019	65	12	1070	123	43	98176.0	0.2608682366362451	275.5333824	25611	430.9775680000461	8964.0	5838.7947	0.10299114873053343	0.468741742120344	0.37267977991631923	0.7196344465829979	0.10725976034630987	0.4751301579477989	0.9747338904165942	14.675914764404297	7.85377934599398	2.220281110491336	1.2098230274258286	340.24119877272653	0.8098178098180582	1538.2013849915675	485920.92150325887	4.2388060770676225E7	4.869235704999601	0.011646728566956676	1.6868648416928043	8.338206666253615	4.797557739311423	1.4506306181951263	
22	23	0	obj23-val14364	376.767184516577	92.36287102933518	30.953740670022565	61.78981826071863	15.14751084881097	12.381496268009027	322	78	20	432	109	40	74592.0	0.3089339339339339	247.91656960000006	23044	424.60780800005045	9156.0	6167.4644	0.0782439477808098	0.4277111976126242	0.2560048261398052	0.6349644108764788	0.09080286537432859	0.44946947060559145	0.9677878863540883	18.41396141052246	8.587130950174537	2.380434697733316	1.7051818781357877	274.5045786900728	0.9031418374988502	1695.9308140646547	465802.3788061597	2.7591094850594956E7	6.174681489316534	0.005656457661844834	1.4631722283165929	9.543677626625632	4.680737907128251	1.6937362462996564	
23	24	0	obj24-val14813	943.7270342354948	96.99501552183989	28.674434873857724	154.77123361462114	15.907182545581742	11.46977394954309	920	76	12	971	121	44	78936.0	0.28974105604540384	246.05536640000003	22871	363.0080960000235	7496.0	4991.0468	0.14045394682873288	0.5198103629541488	0.47582554612009925	0.7806971337671764	0.14314267307690318	0.5231063465399702	0.9798959042896993	13.678990364074707	7.3783825450177645	2.048031581431512	1.4099970849500172	284.4988919487498	0.8648728461280788	1374.7072095674666	396306.90122269583	2.963677254883097E7	4.768576843366219	0.011407757384292581	1.416556868773103	7.26322661486949	4.494990133209129	1.3152433944902424	
24	25	0	obj25-val15262	853.6911457122937	131.8957205936058	28.79316755751801	140.00534789681618	21.63089817735135	11.517267023007205	810	110	15	882	157	46	112128.0	0.2686304937214612	324.05376640000003	30121	462.8985280000555	9486.0	6322.592500000001	0.12021032870829072	0.4935307702925489	0.4059808702570626	0.7404604331156802	0.11973720637371085	0.49288244218655614	0.9789758164088435	15.7529935836792	7.395313362699945	1.4943377272440275	2.00279172251418	378.81312809024934	0.8554449209130807	1585.5144832208139	629991.1257349785	5.254359594716415E7	3.9903041071732193	0.01318284515299467	1.3844615616533327	9.072717643141761	4.890797019895524	1.3556631458638735	
25	26	0	obj26-val15710	1309.984662576687	148.39723926380367	32.250766871165645	214.83748466257668	24.337147239263803	12.900306748466258	1299	137	26	1321	158	41	8096.0	0.3221343873517787	28.057907200000006	2608	93.12707200000166	1822.0	1121.9277333333332	0.12718105688058984	0.5028916697811223	0.5447194675705415	0.8166907415625649	0.1102389522162625	0.47948903280155036	0.952782258436575	6.4368462562561035	3.08154922064417	1.4606438460317193	1.8185958224042398	31.5915590768842	0.888145695238264	284.2923257458029	21093.32739391434	365436.4532812659	3.831644243158895	0.015904369539097518	0.8645904777581662	3.8040472966742134	2.097361108007438	0.5472591458560094	
26	27	0	obj27-val16159	634.4537290121046	159.32627228947027	30.698099700637773	104.05041155798517	26.129508655473124	12.27923988025511	600	139	16	669	179	45	86100.0	0.35693379790940766	330.6271488	30732	435.1589120000505	8918.0	6038.195833333333	0.15060230485043372	0.5320398310457732	0.48519066898519025	0.7857857462937384	0.1500326397745922	0.5313681565986828	0.9830189212827289	13.626748085021973	6.710641679434359	1.4772312267111145	1.5635877070528565	370.98942600090066	0.8912036991566367	1377.7111443877257	512724.73478707083	5.039562219989213E7	3.701963000006997	0.019271623262991727	2.2583601368647273	7.613994723775834	4.6979188121679165	1.0688208422119472	
27	28	0	obj28-val16608	1133.8598503107953	183.18033743498668	30.059190663453	185.95301545097044	30.041575339337818	12.0236762653812	1097	149	15	1167	209	50	155916.0	0.25279637753662226	424.0423360000001	39415	594.467200000062	12602.0	8317.446833333335	0.08779241775510344	0.4444463616658613	0.30535521036132	0.6733927634305503	0.09680262147898575	0.45915858713071905	0.9753728152578466	16.694087982177734	7.979647554749338	1.5838531252094443	1.7767348290259368	477.5152985993913	0.8880183257871869	1805.0664678981484	806032.4674386028	8.349189699716108E7	4.042349514634764	0.014195958890318392	1.6742793952083255	9.228636918234278	5.092494592564224	1.4849557260424653	
28	29	0	obj29-val17057	1071.8594387207556	195.5295396007727	29.937325606353294	175.78494795020393	32.06684449452672	11.974930242541319	1045	158	13	1102	226	50	152076.0	0.24508798232462717	400.98708480000005	37272	637.134752000062	13230.0	8689.016333333335	0.0678481852181355	0.4078618969080073	0.23950022599315665	0.6210148364092266	0.07031035023498813	0.41273706487847	0.9698752980816592	16.844135284423828	8.952069141537574	1.9418799168134997	1.5543284202306926	512.70947466174	0.7820941578357825	2048.4140613408927	896826.9645122554	9.625259227992162E7	4.678717671007037	0.011198482859925108	1.6820504075396594	8.674813039410006	5.235227642152688	1.6771175059565462	
29	30	0	obj30-val17506	740.7886813250566	205.8046933921216	30.757672448801994	121.48934373730928	33.75196971630795	12.303068979520798	701	178	17	781	227	45	117450.0	0.2935206470838655	370.88508160000003	34474	506.83478400007306	10708.0	7119.428833333333	0.10947391271153686	0.4783772674376974	0.37247769292599237	0.7195043482504763	0.11949008346252663	0.49254312600902855	0.9782902382531972	13.843080520629883	6.248418589711787	1.0897935627321478	2.038716063059535	422.0400970292589	0.8787911011552241	1483.9749143014947	640141.2176378178	6.521945675075543E7	3.4401495882461504	0.01995710298584247	1.7096559581678894	7.156041324729003	4.792345072118346	1.0370301113068243	
30	31	0	obj31-val17955	860.3107925801012	262.67032040472174	30.337268128161888	141.0909699831366	43.07793254637436	12.134907251264757	845	249	22	879	279	38	18445.0	0.3214963404716725	63.79731200000001	5930	160.80396799999525	3282.0	2202.4225333333334	0.112498318213689	0.4827426383079485	0.37227153922786976	0.7193715833821719	0.11070490190504395	0.48016363858536254	0.9608415633278831	7.690363883972168	3.2033511574860567	1.2708242808501533	1.1529813945952734	73.94501973264333	0.8627668534090123	397.73472939839144	49977.8609787714	2002108.4883868305	3.1652598144767676	0.031820504713979174	1.4821445580477173	3.8852027133732348	2.4853085079912725	0.4582109955172747	
31	32	0	obj32-val18404	1072.7997670742866	70.94214291656269	26.98095000415939	175.939161800183	11.63451143831628	10.792380001663757	1036	50	14	1107	101	40	101088.0	0.237832383665717	258.6534528	24042	446.9367360000524	9566.0	6277.893233333333	0.07467967675741542	0.4211154598899143	0.26421154013521414	0.6416781642556902	0.08475215989715666	0.43925557503074103	0.9671967981872279	12.401289939880371	6.054101214511068	1.181054831283785	2.2318638010599785	298.5587548269136	0.8663402047947035	1267.9052137373735	447549.0436411378	3.2638438294717055E7	3.5919719947193944	0.016012863702799078	1.6911548350086167	7.002800570851006	4.278561808836515	1.0819520531539644	
32	33	0	obj33-val19301	1139.0473496128648	81.80792138177486	31.650734564224738	186.80376533650983	13.416499106611077	12.660293825689896	1115	63	19	1165	104	45	57834.0	0.34837638759207384	216.76024320000002	20148	330.6410560000099	6920.0	4525.023266666667	0.1385472705745104	0.5174474816371784	0.49551157970863147	0.7913184093762679	0.14700811019120427	0.5277732517121819	0.9787249648282551	11.031893730163574	5.644501890881921	1.3722935651272634	1.728871335122408	231.37089640936304	0.9368518105081268	1012.0263383984125	281700.16958096967	1.9601405220937565E7	3.635771008358271	0.018910880963784127	1.7095395736568408	5.643018131718116	3.94670691252636	0.9053698249079916	
33	34	0	obj34-val19750	1103.36593923504	98.18734577421345	28.768082973473163	180.95201403454658	16.102724706971006	11.507233189389266	1080	68	16	1129	138	45	106500.0	0.2435305164319249	279.0298624	25936	460.9620160000603	10122.0	6774.635399999999	0.07336000792055364	0.41862018764220227	0.2446811917068777	0.6254609435559579	0.08989971654181608	0.44797432409570703	0.9676452948030373	14.412442207336426	8.13453053891055	2.279955693513624	1.2649459934777187	342.89509381459806	0.8137470247704107	1614.6569124315538	508025.1285878014	4.305189684635082E7	5.131866118729624	0.01022707692369294	1.193142803966325	7.42110282837226	4.601673409862198	1.4846077227840944	
34	35	0	obj35-val20199	508.7742323097463	101.51748998664887	31.131041388518025	83.4389740987984	16.648868357810414	12.452416555407211	465	90	22	554	120	39	50220.0	0.29828753484667464	161.16083200000003	14980	306.09616000000096	6678.0	4511.242033333334	0.08521906325391261	0.44006072355570786	0.2764315543913585	0.6514221755247377	0.10242305627452429	0.46787830385261286	0.9648407117907861	14.863044738769531	6.770589604545491	2.299640534435284	1.3975114217692048	175.9109127672299	0.916150280075304	1095.8418434762532	220935.0019883726	1.1330662737094812E7	5.4353965424484105	0.00861016897075247	1.794509126289426	7.716921555174398	3.826946072987236	1.3201028354133832	
35	36	0	obj36-val20648	624.0931210258027	102.47427610489254	29.872300173419518	102.35127184823165	16.80578128120238	11.948920069367809	588	89	20	658	122	41	53108.0	0.35830759960834524	204.72159360000003	19029	333.65734400001236	7012.0	4680.917533333333	0.11878417438033834	0.49157128174777404	0.39929266825748966	0.7363717380747223	0.1276079157852326	0.5034536608656326	0.9751092138319399	11.537018775939941	5.2908467886250685	1.1550153694093266	2.0599440463501915	225.75282522334007	0.9068395640119516	1002.4052742810375	286695.1929696168	1.866105258732891E7	3.5048244914693414	0.01852704291407403	1.8740029428204132	6.050654003789129	3.911727002178041	0.8433825135522275	
36	37	0	obj37-val21097	1029.5339345839345	116.76541606541606	30.016450216450217	168.84356527176527	19.149528234728233	12.006580086580087	1003	89	11	1054	149	50	126880.0	0.3277112232030265	447.33427200000006	41580	549.5981120000617	11164.0	7314.993166666666	0.1405276746735955	0.5199013008415314	0.4995506968887017	0.7934627133260481	0.13632673132339806	0.5146681533034957	0.9836438188247292	17.074222564697266	8.532317289718051	2.212793814701579	1.0528415117099437	504.7132215029339	0.8863137578760649	1879.1163748254417	780449.6073384638	9.327368006465948E7	4.52441556371462	0.01405717594930987	2.623522213332227	9.102824436317658	5.384128772095322	1.4782450693858016	
37	38	0	obj38-val21546	652.2677047289504	125.71978085351788	30.171626297577856	106.97190357554787	20.61804405997693	12.068650519031143	626	103	16	683	149	45	81780.0	0.42406456346294935	373.10131200000006	34680	471.1313280000616	9700.0	6459.376166666667	0.14903742838301698	0.5301906423281926	0.5047064103726617	0.7961830732024873	0.1505497278417742	0.5319779101459375	0.9835434901396946	12.747153282165527	6.26564403508936	1.3015449880051926	1.5030826915341302	404.65461715804895	0.9220241069293795	1351.3268858581287	535741.8207791953	5.995684184008689E7	3.4085155976569617	0.024297270921187504	2.1117032197714702	7.040390409432438	4.741933638725847	0.8830564781773732	
38	39	0	obj39-val21995	1292.8352556193338	130.19312268655116	35.577705058741486	212.02498192157074	21.35167212059439	14.231082023496596	1265	109	25	1322	157	48	68208.0	0.27329638752052543	200.54733440000004	18641	374.52614400002483	7812.0	4993.7669000000005	0.08243356506836366	0.4352128624010365	0.31557746785972596	0.6808247402666273	0.0865844182752793	0.4423984554099324	0.9666093088095318	11.139374732971191	5.014098438824024	1.1986478320902902	1.570216826133187	234.05844778367393	0.8568258753273191	924.614978131025	256621.58364560947	2.0059420835832223E7	3.3314144727781656	0.02537672751524427	1.8833053891365887	6.1323979644380655	3.7725201386497935	0.8066210375440022	
39	40	0	obj40-val22443	1177.6371951219512	131.6219512195122	30.178571428571427	193.1325	21.586000000000002	12.071428571428571	1169	124	21	1189	141	38	6804.0	0.3374485596707819	24.701286400000004	2296	75.1920320000012	1466.0	912.8379333333332	0.1892318477284789	0.5741142382493538	0.7838177673852008	0.922015809690119	0.16232150156167396	0.5454968918266583	0.9668731834024928	6.8197479248046875	3.0542659295869314	2.013326966189373	1.1281860844718943	26.097551988285854	0.9464982160429232	249.8142453133799	14686.460850134845	249384.40475009283	4.249298574947044	0.015996231917682957	1.1552723881476303	3.6734387166661753	1.9444358484510293	0.5238989974998486	
40	41	0	obj41-val23341	555.4895568008151	162.38682289013414	31.013075224995756	91.10028731533367	26.631438953982002	12.405230089998303	534	143	21	577	181	40	34320.0	0.3431818181818182	126.71243520000002	11778	232.3132159999816	4896.0	3258.1572	0.13368148030472682	0.511317558636959	0.4536066056017249	0.7683512286904153	0.1448335238696873	0.5251579917095985	0.9735055591469467	8.536717414855957	3.7084903996470415	1.081928481583622	1.3319425268177805	137.02426224509523	0.9247445169480245	597.1959825675249	114207.61964978384	6874873.216424393	3.1227604838314	0.03227855324587698	1.958099538615289	4.425931835569785	3.107364725782625	0.44543470174672817	
41	42	0	obj42-val23790	1096.3403396148271	192.86736384344584	30.60033133153862	179.79981569683167	31.63024767032512	12.240132532615448	1079	173	17	1114	214	48	48384.0	0.1996114417989418	103.90462720000001	9658	244.03331199998075	4736.0	2975.972133333333	0.09930970560069131	0.4630887519746776	0.40025816035946193	0.7369647774550695	0.08401847759990587	0.43798438552490426	0.9635157726876092	12.608640670776367	5.1638063221751205	2.0030862610793183	1.1096395035650854	129.54397200729377	0.802079985583195	719.5846235986558	123374.60199807504	6144749.269640642	4.196990483727745	0.01649143862778798	1.6861347371565654	7.068095535465	3.3173768895811224	1.0290111733520302	
42	43	0	obj43-val24239	894.4160149750415	202.15831946755407	30.401622296173045	146.6842264559068	33.153964392678866	12.160648918469219	857	178	17	933	219	44	90552.0	0.26548281650322464	258.631936	24040	431.16387200004687	8804.0	5806.3807	0.09578140392789987	0.4575382489268471	0.33389105027495786	0.693747758211486	0.0943820888425294	0.45529918192643026	0.9726645225915563	14.520276069641113	6.774766033503669	1.4103935338468976	2.0436699475310163	320.3908594061872	0.8072388097442877	1384.872849072945	497661.93387396284	3.758633526974161E7	3.8537663372604536	0.014151428478813384	1.5851726099794365	7.5609593974190314	4.558799247429082	1.2126809106385465	
43	44	0	obj44-val24688	957.850721234485	200.68560885608855	27.559845689365986	157.08751828245556	32.91243985239852	11.023938275746396	931	162	11	986	230	46	139104.0	0.21430009201748332	320.70790400000004	29810	494.2868160000642	10276.0	6659.984166666666	0.09261984262856114	0.45244767136156155	0.34021756777174644	0.6981020475778653	0.09632402462300547	0.4584006366209386	0.973958586176866	15.929471015930176	8.41390906276172	2.1479770080065586	1.380167684815594	391.82389574821565	0.8185001156899465	1751.0581373934187	615191.9856858625	5.621491848246891E7	4.984142628440246	0.010470077318860814	1.489404768057504	8.073529083260203	5.047193326499354	1.5316207852961263	
44	45	0	obj45-val25137	644.0007375991149	214.80536603356077	32.27872026553568	105.61612096625485	35.22808002950397	12.911488106214273	626	199	23	660	231	42	23100.0	0.4695238095238095	116.68560640000001	10846	189.54988799999066	3968.0	2627.6459	0.2129494796586196	0.5971623498259988	0.7333158212325278	0.9017725647331994	0.2261082205030119	0.6092174473490464	0.9834538942465038	7.783392429351807	3.7458987676689603	1.3193945291817057	1.0609394195291515	119.21111594465722	0.9788148150057612	543.8243777922603	93762.35052389634	5203592.217706482	3.154197310846695	0.032353944831464	2.3990217152663917	4.083628391692285	3.0442547937915903	0.3460821542979272	
45	46	0	obj46-val25586	872.7608819345661	220.233048838312	31.32555713608345	143.13278463726886	36.11822000948317	12.530222854433381	827	197	19	912	241	43	96750.0	0.217984496124031	226.89465600000005	21090	406.2424320000384	8548.0	5680.964966666667	0.08054006809602413	0.4318547447191237	0.27437162769229295	0.6498000392354153	0.08684504756544636	0.4428419007960523	0.9674650346850062	14.700323104858398	7.2287984775441485	1.8976296684367049	1.7046405276785297	257.76930965981506	0.8802237019583088	1334.0435692039705	377294.3730104098	2.4329442954918087E7	4.71693290926808	0.010247599043986847	1.4250336504463925	7.969834302869396	4.280744880275796	1.2727459269875605	
46	47	0	obj47-val26034	937.2476396538159	222.23682140047208	29.78025177025964	153.70861290322583	36.44683870967742	11.912100708103857	900	198	16	981	244	43	107912.0	0.23556231003039513	273.47852800000004	25420	432.84716800004816	9022.0	5966.212633333334	0.09951647803744439	0.46340992741192977	0.34411791572016104	0.700759662176777	0.10430259162779745	0.4707229366278568	0.973972005820731	15.091507911682129	7.612215188869807	1.766110463748891	1.9431003799117197	304.8532255966038	0.897082612344997	1514.0472809619764	502148.8645488523	3.402916853553096E7	4.565058951289016	0.009804670990874925	1.7528417795163107	8.227991093924736	4.605711852901976	1.355978134606069	
47	48	0	obj48-val26932	797.8858688968147	103.71085967285697	30.32941827573484	130.8532824990776	17.008580986348544	12.131767310293938	762	88	18	836	124	41	66600.0	0.24417417417417417	174.95310080000004	16262	313.5115840000034	6522.0	4322.0652666666665	0.10780971637645488	0.4759408226675216	0.3704472068181583	0.7181945549760143	0.11234012037161369	0.4825162509458616	0.9715030026648716	12.343890190124512	6.189396347231667	1.561304375198628	2.024926907357023	201.20972435779984	0.8695061899140166	1075.560748052496	279614.314724797	1.4824077636576183E7	4.1372378373754755	0.011914144064465167	1.6046132950587297	6.526513291040565	3.912417029257084	1.1020500450014072	
48	49	0	obj49-val27830	197.21616541353384	101.73308270676692	33.16447368421053	32.34345112781955	16.684225563909777	13.265789473684212	184	96	29	210	111	37	3888.0	0.2736625514403292	11.446937600000002	1064	52.884096000001094	1146.0	762.6101333333332	0.08507104673145237	0.4398057964757688	0.2886874564861419	0.6609104793125756	0.10019723784869748	0.46446420479638195	0.9095857242321727	4.56474494934082	2.1274961104860566	1.179856984168355	2.02991172634388	14.274438197541178	0.8019186073446853	159.25767763121274	7207.053153997703	74608.41225160469	3.5191925663013315	0.018470840698668195	0.3951248848864948	2.6558543882900336	1.4062417770972775	0.40077826545552914	
49	50	0	obj50-val28279	766.1180383012882	123.0003440235465	28.842666564733765	125.64335828141127	20.172056419861626	11.537066625893507	739	104	15	795	147	44	75240.0	0.34770069112174373	281.45050240000006	26161	406.2673600000352	8382.0	5514.8181	0.1314371354783311	0.5084399362796781	0.46149550801944034	0.7727799151192523	0.13360436090467043	0.5112192152987655	0.979598591033858	13.93313980102539	6.726621796473166	1.568914031118614	1.6241596101799596	318.89860429733426	0.8825705055064512	1312.4265761497695	440681.12172753655	3.723702579172502E7	3.9086392242805625	0.016472136680657678	1.704141132053882	7.617689714426711	4.522553577674713	1.1406501591234475	
50	51	0	obj51-val28728	939.586779820417	124.41861662822723	32.37656463422827	154.0922318905484	20.404653127029267	12.950625853691307	908	100	13	980	148	48	128772.0	0.34680675923337373	480.4593856000001	44659	588.3401600000406	12190.0	8270.9045	0.12452577260354603	0.499367242268042	0.39866796837662316	0.735987515772989	0.12819770598538124	0.504228104585567	0.9821909526925304	16.998571395874023	8.026677526893321	1.60200090324192	1.498529897698548	563.2550693900147	0.8530049913626532	1872.231078529539	904867.166812729	1.1616624916300684E8	3.8737721291829414	0.01770115546666888	2.581485410576676	8.802955861169243	5.442347716733223	1.352411349957239	
51	52	0	obj52-val29177	729.6043813387424	132.5923326572008	30.865922920892494	119.65511853955377	21.745142555780934	12.346369168356999	703	113	15	757	159	45	80135.0	0.30760591501840645	265.1945600000001	24650	387.16332800003187	7830.0	5038.195633333334	0.14315315845788595	0.5231191189481176	0.5373548081355625	0.8129934495318785	0.1370562839661031	0.5155846019153287	0.9807582890383822	12.784523963928223	6.916044668625314	1.804966184620036	1.4115650206348682	301.3165103856431	0.8801195781160085	1299.1123723398186	401882.36929581617	3.3244178600127585E7	4.199470006419019	0.015162661868919175	1.760303623759066	7.154850367276984	4.511406239980383	1.2052679212608506	
52	53	0	obj53-val29625	806.3637	137.09073333333333	33.08813333333333	132.2436468	22.48288026666667	13.235253333333333	778	115	17	837	158	47	81840.0	0.36656891495601174	322.752	30000	418.6841280000488	8576.0	5638.573733333333	0.1613766017319089	0.5444363570247065	0.5677891525600524	0.8280610629272663	0.16052059670323346	0.54347201596329	0.9840243923904208	13.428690910339355	6.846944574008991	1.6293274257676027	1.4136220651811606	358.28528658288576	0.9008240418640092	1364.0912842990347	483219.4598403746	4.700322923028498E7	3.850724539353741	0.018518141309299848	2.350207790429907	7.10717845599767	4.710875247516536	1.1068689727175356	
53	54	0	obj54-val30074	775.3473234397774	160.9629985424672	30.238140983172123	127.15696104412349	26.39793176096462	12.09525639326885	750	134	17	800	184	46	78030.0	0.38687684224016405	324.77457920000006	30188	437.5178880000504	8810.0	5775.229933333333	0.15072778978444593	0.5321875587143923	0.5350732216442368	0.8118411715263091	0.14243902398313735	0.5222477911927526	0.9829281150475752	12.321727752685547	5.999277104688907	1.4018669318938606	1.2823817686378987	358.8842811678208	0.9049562665246115	1216.5729559821375	436801.47929615324	4.7160524078026585E7	3.3883808260265433	0.026191727795969233	2.1288382523308	6.663079474425609	4.5284252010695205	0.8328154239096741	
54	55	0	obj55-val30523	918.065599465543	158.6198931085873	32.304537746030114	150.56275831234905	26.013662469808317	12.921815098412047	886	134	14	947	180	49	104904.0	0.3709868069854343	418.6954112000001	38918	519.8314560000761	10276.0	6809.751433333333	0.15786327710568032	0.5404563683468876	0.5424498851944732	0.8155549109333833	0.14114357321501364	0.5206597267144244	0.9850607891073043	14.472318649291992	7.409654460483101	1.6570433029610399	1.3311802495430516	466.20601664433866	0.898090964620511	1602.13540929374	671465.2035207247	7.958395108173963E7	3.82274145592951	0.019352088418710504	2.791835274289696	7.565177184832284	5.157135719626725	1.1857957114680828	
55	56	0	obj56-val30972	508.49869135014364	156.99482923715289	31.467539099904243	83.39378538142356	25.747151994893073	12.587015639961699	472	138	24	544	173	40	44676.0	0.3506356880651804	168.53033600000003	15665	299.5322239999965	6716.0	4627.972566666667	0.09161806381585458	0.4508105273641278	0.2799889192367962	0.6542046319450152	0.11953026804914071	0.49259833394818303	0.9672006587556953	12.122467994689941	5.709079742141653	1.6698705211287088	1.4766075658852185	189.30244793378407	0.8902702412963519	922.8730470858472	213703.97063394642	1.31214614425612E7	3.9853946490137258	0.016693842868429426	1.1980365831635134	6.358961445161123	3.5501204105107336	0.9711189039961721	
56	57	0	obj57-val31421	871.8384280634718	178.80873533938333	29.91328344743406	142.9815022024094	29.32463259565887	11.965313378973626	829	159	16	908	200	47	107520.0	0.35050223214285714	405.4410624	37686	550.912736000058	11328.0	7522.905833333333	0.11049757321395877	0.479863700614802	0.3772728771591403	0.7225787653956944	0.11118837889750176	0.4808616224542336	0.9791054005915507	16.650623321533203	8.226380257974775	1.7754644450034647	1.573448765667745	470.15208277073106	0.8623615150455746	1818.3524535802194	769219.4220838287	8.09368834236023E7	4.298390745886387	0.01346208339573996	1.4917256203476414	8.641714203413276	5.220017159939785	1.4340930566679513	
57	58	0	obj58-val32319	641.4273501150853	185.1815790435132	30.897921157429398	105.194085418874	30.369778963136167	12.359168462971759	603	166	18	678	203	45	80864.0	0.33848189552829444	294.46816640000003	27371	454.45056000005394	9382.0	6393.7726999999995	0.10260001326902171	0.46814760070480793	0.3241620154911487	0.6869430088255926	0.1044886573993481	0.47100267818780306	0.9752315845400699	14.536395072937012	6.996924238078214	1.2748698994856973	2.6418276494476416	334.1749460946024	0.8811796630518146	1550.3195351755094	627587.9277371548	4.089003873103374E7	3.8297273655547963	0.010973719713431376	1.4071424640375207	7.902654576476929	4.696060315653545	1.275445121467685	
58	59	0	obj59-val32768	820.7963771481653	188.76627960984672	29.58639108221087	134.61060585229913	30.957669856014864	11.834556432884348	784	169	17	854	202	44	67592.0	0.3185288199786957	231.628352	21530	366.22380800002145	7676.0	5154.331933333333	0.11591390446177566	0.487579559045456	0.3828452679541739	0.7261189336036558	0.123536725493875	0.4980416515382563	0.9756498616045856	13.234747886657715	6.718423927993544	1.4747162517813805	2.263605345985114	258.031755245394	0.8976738222770925	1300.2409395053155	415994.41548094084	2.4379009797507398E7	4.064060568724445	0.011090332154675031	1.2458767138209086	6.83049557940441	4.343030226826152	1.1871768777658094	
59	60	0	obj60-val33665	681.3919984538074	213.74889833784306	31.39319675299575	111.74828774642442	35.054819327406264	12.5572787011983	651	193	18	721	230	44	72846.0	0.35513274579249376	278.319808	25870	404.7283840000385	8296.0	5593.7582999999995	0.13256809048991555	0.509894067919014	0.4324482457409143	0.7562139998564834	0.13214465969388803	0.5093506115607646	0.9796779199846448	13.113272666931152	6.3926696832339855	1.3707021983285477	1.8544310214180972	314.07869612889607	0.8861467251054149	1281.6427622431954	444062.4117612299	3.611991396853339E7	3.6990479862852923	0.017157173353681596	1.6184158257135668	6.882493720872845	4.4166615311752055	1.0491432550398516	
60	61	0	obj61-val34563	995.7160314227524	67.68693628164097	32.00334594122781	163.2974291533314	11.10065755018912	12.801338376491126	976	58	19	1017	80	41	22218.0	0.3093887838689351	73.9532416	6874	178.92793599999254	3504.0	2255.0327	0.12421645665108828	0.49895343189655916	0.46602895122417726	0.7753021097429974	0.10797727107075228	0.47618725921210475	0.9658388071723362	8.96052360534668	4.385245741406763	1.4712148614479512	1.7786280856613748	91.7556977537351	0.805979829159869	574.8694291016296	86333.39193888476	3082732.4420632054	3.827891538763774	0.016226624674399566	1.2512160381887187	5.3954638978361436	2.953477724625637	0.8280594771797839	
61	62	0	obj62-val35012	900.2922294084078	109.15441316340117	28.09439794559635	147.64792562297887	17.901323758797794	11.23775917823854	875	88	13	922	134	43	69936.0	0.30067490276824527	226.22763520000004	21028	364.4617920000203	7504.0	4911.6426666666675	0.11835042832695862	0.490972220626849	0.42205399946459937	0.7501060587581457	0.11956048453497628	0.49263983897691593	0.9758797903107471	12.693807601928711	6.919112218149853	1.7800385607824316	1.6514799185067486	265.15974508193796	0.853174885690483	1273.8538392325281	370564.0241913499	2.574452802067032E7	4.379010097562866	0.012454495304827616	1.2381197153435515	6.552441698358409	4.313427090848767	1.227678470017534	
62	63	0	obj63-val35461	1068.6844524457042	109.46813115256445	32.8421113111426	175.2642502010955	17.95277350902057	13.136844524457041	1042	72	13	1095	145	52	159840.0	0.32666416416416416	561.7390976	52214	608.9687360000378	12626.0	8392.3001	0.15318948218363332	0.5350691610936842	0.5216548949835266	0.8049973097571073	0.1580289619759489	0.5406453801007456	0.9860804553960022	16.428009033203125	8.404352815296882	1.804700754895698	1.176683734545377	648.8305127399593	0.8657717024247531	2007.4214288813068	1029119.2430705711	1.5414600703322005E8	3.915718047510585	0.01905533603204945	2.834974688665294	9.553322553578834	5.68297275216806	1.4210786837731477	
63	64	0	obj64-val35910	830.5035213387107	115.23439475109853	31.677180521278515	136.20257749954857	18.89844073918016	12.670872208511406	803	98	18	861	137	44	63720.0	0.2607187696170747	178.7292992	16613	316.8243840000056	6484.0	4206.291633333333	0.11450369068068499	0.48559418276868815	0.41942118512220655	0.7485430590766813	0.11360255027680352	0.48431695732536834	0.9730865686197255	12.523648262023926	6.2413410690326545	1.7375897176570871	1.6230113906389034	207.82906913967622	0.8599821956565707	1055.0725074072172	261470.81102298317	1.581547840248278E7	4.257370035038843	0.013465900893257873	1.6823941418799686	6.814149257414677	3.992292234365841	1.113669182692279	
64	65	0	obj65-val36358	1158.8028200044062	117.62125774154856	32.8160632542655	190.04366248072262	19.289886269613966	13.1264253017062	1129	84	17	1192	150	49	141504.0	0.2886914857530529	439.4913984000001	40851	613.2524160000513	12886.0	8427.364300000001	0.08820706605245929	0.44514497691874744	0.3153424616383367	0.6806556980097108	0.09471861283266453	0.45583967007274157	0.9757586724941509	14.766352653503418	7.532540558083827	1.5456929398674075	1.4891401904074089	503.1888311798855	0.8734124669847568	1695.36529791778	763568.6260737246	9.271110009999868E7	3.7642503833130583	0.01902575351926581	2.178859655245354	7.591626617249492	5.077878645593881	1.1855366978030195	
65	66	0	obj66-val36807	600.3227298330912	132.86155168835788	32.32074352969079	98.45292769262696	21.789294476890692	12.928297411876315	562	108	20	629	160	44	90100.0	0.37437291897891234	362.89159040000004	33731	453.0296640000629	9758.0	6626.2446	0.13849317297170896	0.5173801248802135	0.4422913203719099	0.7619084770382001	0.1601866285925617	0.543094851154991	0.9821835217616266	12.873137474060059	5.242395871029337	1.1396895534313838	1.1782169686129853	394.3479782812438	0.9202319027516113	1187.594477430388	457176.17582382064	5.6941510801541105E7	3.084982808392594	0.03399573833282509	3.0065129048444685	6.831776472726223	4.435683357138011	0.5841796140816239	
66	67	0	obj67-val37256	584.7673726712475	171.7843734504498	32.58695190196217	95.90184911808458	28.17263724587377	13.03478076078487	560	148	22	605	191	41	40480.0	0.3487401185770751	151.87633280000003	14117	250.36502399997875	5288.0	3612.318733333333	0.15242733740463055	0.5341803317351639	0.47816635284094827	0.7819752440368649	0.16623084183295406	0.5498414309976156	0.9780369945752152	9.341113090515137	4.153407777161079	1.1964653827181762	1.2484410045569303	167.9322100579452	0.9043907225873756	688.4492658253146	150136.21928120859	1.0326133979102414E7	3.156882422406496	0.03164622650805685	2.224735647371672	5.123454538781882	3.3212897106231027	0.5278029775908448	
67	68	0	obj68-val37705	925.6563729820898	185.40799935748132	30.11207935105614	151.80764516906274	30.406911894626937	12.044831740422456	899	156	14	951	207	47	93704.0	0.26575172884828824	267.90567680000004	24902	421.4025920000396	8490.0	5475.0193	0.11460346809091705	0.48573518903878266	0.4273304770989819	0.7532190392661132	0.10847373599349161	0.4769159577226533	0.9766209795458697	13.892926216125488	7.238435629011009	1.7909575304038872	1.5394685983271126	321.7224211523067	0.8327230531227748	1405.8307254293977	459497.52956227795	3.7899406176360846E7	4.301133088667631	0.013640594938669258	1.294583524610317	7.363554360699045	4.644967008085874	1.3432569642287868	
68	69	0	obj69-val38154	620.8554245850373	202.59898965600192	31.664180899687274	101.82028963194612	33.22623430358431	12.665672359874911	606	192	24	635	218	40	13770.0	0.3018881626724764	44.72266880000001	4157	115.29856000000123	2324.0	1493.8713333333333	0.15570553508353155	0.5379826704284608	0.586236482919753	0.8369334915918201	0.14758293652701185	0.5284602503139021	0.9669618818877738	6.681673049926758	3.306194490666121	1.5238192048610082	1.2721200006165292	51.24822350790005	0.87266768950744	344.797566124353	33504.65591732226	961672.9035779808	3.548323609072272	0.02346036716673281	1.0907965824613923	3.439353702034919	2.3064998347765884	0.5024810570538017	
69	70	0	obj70-val39501	1186.4626904800919	95.7876454202851	34.60285105685728	194.57988123873508	15.709173848926758	13.841140422742914	1158	72	19	1221	123	49	103168.0	0.29577969913151364	328.29257600000005	30515	467.3514560000615	9712.0	6307.279333333333	0.11496167975907531	0.4862407434554099	0.419713488373733	0.7487169103812895	0.1194108244254322	0.4924341990073015	0.9782602593065892	13.223835945129395	6.5446991722089125	1.3493757473086534	1.7493312847188225	368.65471388867843	0.8905150636406445	1376.4953918531787	524510.8864404047	4.976331823409531E7	3.612393208178564	0.01908029328768473	2.0130770082486937	7.039241432150716	4.6396139555154745	1.0733480239260154	
70	71	0	obj71-val39949	1084.1912204217049	144.35886046447862	37.095226344218695	177.80736014915962	23.674853116174496	14.838090537687478	1049	122	16	1119	166	54	124605.0	0.29269290959431804	392.36960640000007	36471	525.181792000077	10544.0	6915.864066666667	0.12833098407058036	0.5044027806544193	0.45478734434210544	0.7690173242456534	0.12020266845324301	0.4935202868669806	0.9814094156365316	18.334383010864258	9.084195033249348	2.331085493308417	1.3074662110629862	441.9784145637271	0.8877573959970524	1981.5733106324974	733087.66864671	7.152730597859032E7	5.356293596725825	0.009192665033300906	2.139592606603725	9.982602871270736	5.437735905766105	1.7692559202431317	
71	72	0	obj72-val40398	750.8586645013374	156.44655139472678	33.3654470768055	123.14082097821935	25.657234428735194	13.346178830722202	733	132	18	773	182	46	60639.0	0.345256353172051	225.23786240000004	20936	360.87216000002667	7218.0	4747.093133333333	0.13182238338973915	0.5089362043623837	0.4634005405130907	0.7738417887967295	0.12208857656991946	0.49608791544978026	0.9780247497540524	11.865606307983398	5.721547368112805	1.3660168373799393	1.6817712588547047	250.00578048717068	0.9009306183284764	1050.0121480326195	306255.0321777922	2.2885997658102736E7	3.600024147116771	0.01976909909000357	1.5962924496427902	6.707672478702176	4.145489334679631	0.9424537229013664	
72	73	0	obj73-val40847	955.805958705296	161.03518812640343	35.05643792102525	156.75217722766854	26.409770852730162	14.0225751684101	936	133	15	977	190	50	87696.0	0.4164158000364897	392.8752512000001	36518	457.4025600000618	9250.0	6237.178733333333	0.19056412444039839	0.5754584274596116	0.6215867864546374	0.8534287279807228	0.1824172666892088	0.5671381919528884	0.9875495656398674	14.592184066772461	6.92335627301054	1.5370013259828874	1.3838739202707224	425.20035769606034	0.9239767655154074	1465.2322183399833	585908.1014191838	6.619984780340887E7	3.6642358220705336	0.021044451564265553	2.327939389321569	8.238556096877913	4.914627513037316	1.0836661616162337	
73	74	0	obj74-val41296	716.7373090593375	164.38375342540087	33.74189434842771	117.54491868573135	26.958935561765745	13.496757739371084	690	139	17	742	190	47	85436.0	0.4313989418980289	396.5223488000001	36857	484.4717440000706	9724.0	6381.7086	0.16709270442657495	0.5507900528861478	0.5911278620471856	0.8392547538140389	0.15638041297143412	0.538758812708783	0.9856456921995785	13.113736152648926	6.236750922996554	1.3854105368332426	1.238343386173958	427.5291450370546	0.9274744269554603	1345.5160222108511	542624.3710121968	6.692697580437632E7	3.3364026069249633	0.027474802565675673	2.4222551534364998	7.336495634766986	4.800903812126861	0.817375996050073	
74	75	0	obj75-val41745	690.0970256282347	185.14890565567126	33.10996445719274	113.1759122030305	30.364420527530086	13.243985782877097	659	166	18	726	205	47	81600.0	0.3930637254901961	345.06492160000005	32074	454.61324800005843	9224.0	6130.426333333333	0.14825206123794862	0.5292577056430947	0.5049944311992351	0.7963344970101073	0.14332690923930214	0.5233306767819986	0.9830081597448111	13.34502124786377	6.4916659975498945	1.2748064166915434	1.8251076316030206	386.3492966459536	0.8931423574357219	1410.205812986988	560801.185309499	5.465501281493161E7	3.5461416399909425	0.019488683329498047	1.8954180348014749	6.946690647538808	4.785253405260918	1.0315834085989242	
75	76	0	obj76-val42194	981.7138188817763	194.2604861453064	32.880075204798786	161.00106629661133	31.858719727830252	13.152030081919515	958	162	15	1004	219	48	92684.0	0.24102326183591558	240.33189760000002	22339	385.16908800002847	7776.0	4959.7387	0.12003587813994987	0.4932919158336892	0.4625976687698232	0.7733946199444305	0.11431966122068817	0.4853338957771877	0.9766630951526077	15.420022964477539	7.1825119080471636	1.8887219096286016	1.5639853255466163	278.19475759753124	0.863898010427975	1337.7884868364395	392785.43971975707	2.83378979536009E7	4.556375706770145	0.011836008541866217	1.3262977794168003	8.729098944567257	4.5495526580293335	1.3593975236269709	
76	77	0	obj77-val42643	1138.0025206553703	220.70746394062456	34.042150959249405	186.63241338748074	36.19602408626243	13.616860383699763	1119	205	24	1157	237	44	27027.0	0.2642172642172642	76.82573440000002	7141	182.205311999992	3646.0	2391.862633333333	0.11899273498123883	0.4918588126293158	0.42146521558333494	0.7497570861224159	0.11035263604753018	0.4796538002380497	0.9650173545513573	8.520957946777344	3.6175150194489043	1.436967451478991	1.0692996606715792	89.81033691963691	0.8554219595985301	464.1364556267754	65870.0214910299	2953400.8792750225	3.27042020885209	0.029538290375726563	1.1886104301278195	4.353885768587271	2.6992594553213958	0.5376792088033621	
77	78	0	obj78-val43092	1115.940424019898	235.2597417979391	33.491057680919106	183.01422953926328	38.58259765486201	13.396423072367643	1098	220	24	1137	250	43	24800.0	0.3404435483870968	90.83317120000001	8443	181.83270399999182	3730.0	2423.6074333333336	0.15535293286076143	0.5375762685492538	0.5663163816650943	0.8273444822532021	0.15521201447144528	0.5374136769982601	0.9742123085891902	8.168008804321289	3.6886786963427816	1.1545429298884995	1.589623555002467	99.21711824256677	0.9154989865552271	517.7990958018297	81243.64024325769	3604482.872474174	3.300146359892374	0.025963252861957654	1.7542503719208793	4.616388013081042	2.8839906279516487	0.5357392090435216	
78	79	0	obj79-val43540	1066.5605010064862	242.70744799821068	35.64705882352941	174.91592216506373	39.804021471706555	14.258823529411766	1049	233	23	1082	252	44	14960.0	0.2988636363636364	48.10080640000001	4471	127.37814400000065	2540.0	1647.8591333333331	0.137962343635993	0.5167182585332085	0.5052443468210316	0.7964658407751306	0.12661126218908555	0.5021395302269234	0.9638209860671094	8.824721336364746	3.553903887370517	1.352751888451807	1.8973628303540218	54.152553147948986	0.8882463264213022	398.7482300217048	43068.348322909784	1073760.993030758	3.6918098124711185	0.016936018452477015	1.0663791617079605	5.243929117293889	2.4487742453972188	0.6597912089797846	
79	80	0	obj80-val43989	718.0086723105513	261.4481382063459	33.009016449858905	117.75342225893043	42.87749466584073	13.203606579943562	696	233	25	746	284	41	45084.0	0.32226510513707746	156.30879360000006	14529	272.1770239999814	6240.0	4339.507833333333	0.09825848234665771	0.4614489759394708	0.2921476458096957	0.6635405427383819	0.13704551030276993	0.5155710919548957	0.9680929472197674	10.667214393615723	4.73579174752304	1.4758118146904302	1.1620966540810118	175.7770456790559	0.8892446280238312	750.1115498564653	166047.82992458736	1.1313424173947336E7	3.388585912165252	0.026805043275441646	1.8446738324461114	6.24933868575372	3.362470251939092	0.7745784610057382	
80	81	0	obj81-val44887	859.1898613261307	154.7091142659508	34.047465331532656	140.90713725748543	25.37229473961593	13.618986132613063	810	138	17	893	173	48	96768.0	0.31372974537037035	326.61426560000007	30359	476.4934720000649	9554.0	6201.645866666666	0.11952853233951309	0.49259594958432185	0.4370251279880928	0.758872478558996	0.11151975514252802	0.4813388543443792	0.9789300860908013	16.760038375854492	7.14430396689407	1.5534595350754625	1.7046008035183795	371.3178107852169	0.8796084004408964	1477.3682698777816	554686.1626229511	5.0484878004433565E7	3.934868312778351	0.015656511791221454	2.387998372304997	9.959064899313331	4.866376040702639	1.3746794087144885	
81	82	0	obj82-val45336	817.5743101870014	167.81283509873154	35.0033346410357	134.08218687066824	27.521304956191972	14.00133385641428	787	148	17	851	187	47	80600.0	0.3795037220843672	329.0779392	30588	444.4019520000603	9112.0	6045.284900000001	0.1398664020924437	0.5190845297989984	0.4789654839345259	0.7824106245491138	0.13954749268132477	0.5186897083839459	0.981742533478922	14.397205352783203	6.530127773792816	1.379132716278626	1.660761347980206	369.2617083728434	0.8911780770610804	1360.6291313673673	513171.9720697714	4.992732496378475E7	3.607585242153113	0.01982070065562211	2.4178896791743756	8.1603121998149	4.699582981344138	1.1175404312667891	
82	83	0	obj83-val45785	1037.320977526392	175.71686707972626	35.55702597094191	170.12064031432828	28.817566201075106	14.222810388376764	1001	148	17	1073	203	52	147168.0	0.3147491302457056	498.3398464000001	46321	593.988320000045	12282.0	8127.927266666667	0.13097878198993795	0.5078482303266098	0.4519275328140224	0.7674020120926257	0.13402008398687026	0.5117489020116446	0.9831847482641991	16.395042419433594	8.423070142603816	1.7298380878643327	1.490048351791483	561.4208895256365	0.8876403705267616	1958.2277583796786	930689.2718977232	1.1541091508009875E8	4.120232250952716	0.015369412860575825	2.3037484495542917	8.502412253383357	5.598304013724113	1.407461030026859	
83	84	0	obj84-val46234	368.2697242697243	175.72508872508874	35.93857493857494	60.396234780234785	28.818914550914556	14.375429975429975	347	166	29	393	182	42	11186.0	0.3274629000536385	39.408019200000005	3663	118.77798400000042	2462.0	1633.6351666666667	0.10168621098008275	0.46675361035235124	0.3480655088972213	0.7034290988204759	0.1048126583941997	0.4714890075962403	0.949579600668747	7.645882606506348	3.6541021169974357	1.4781142958520475	2.089906869138344	44.75975077121607	0.880434285736514	387.8488399673792	37613.54140424951	733575.9215507407	3.999270396991834	0.012573540278940563	0.7962405379223814	4.155519220939292	2.2926486968217317	0.6905647121722901	
84	85	0	obj85-val46682	770.7415625830455	190.9932677827974	34.416910266631234	126.40161626361946	31.322895916378776	13.766764106652495	735	174	18	803	207	46	68034.0	0.3318634800246935	242.90315520000004	22578	384.19164800003483	7826.0	5156.6003	0.1202828694939553	0.493630023757836	0.42046795461436515	0.7491652666319705	0.11767248566536082	0.4900329527569347	0.9767898115921451	12.09872817993164	5.825054133467206	1.1072341666349461	2.3771932723752642	284.08286253481384	0.8550433244463407	1236.3563066073468	428831.81075304095	2.9550158826193742E7	3.564513822338727	0.015636115650471093	0.9978431894898364	6.994655262662786	4.249687487988003	1.0845169109883728	
85	86	0	obj86-val47131	813.4997307485191	211.0809549452522	31.63744390594148	133.41395584275713	34.61727661102136	12.654977562376594	772	186	18	863	225	43	95680.0	0.2911266722408027	299.67523200000005	27855	452.06140800005824	9722.0	6653.740233333333	0.09549746621754697	0.4570856878117758	0.29789360074549753	0.6678624986996483	0.10994152931455237	0.4790574269714147	0.973959398198719	15.752059936523438	8.289228537514429	1.8718284800501475	1.9910216989403753	341.99742308647575	0.8762499708198844	1733.8855577707018	616681.977362412	4.282677935867097E7	4.875055924780235	0.008215880775592451	1.3061969806011509	8.406654246049575	4.855129412234996	1.501952208446811	
86	87	0	obj87-val47580	887.423099245502	256.54846198491003	34.2930934416715	145.53738827626233	42.07394776552525	13.717237376668601	876	243	26	898	269	41	9936.0	0.3468196457326892	37.0734464	3446	98.66764800000071	2028.0	1314.0877	0.16101972022128513	0.5440347240760399	0.5918475700469898	0.8395952178830953	0.16182811192376953	0.5449436371291697	0.9658606766595711	6.284622669219971	2.977613235934769	1.5474586416179315	1.2123486288993912	38.09147764080454	0.9732740417579916	280.48405105682514	22286.92442208998	531282.3506619014	3.5299308871560395	0.024076916950009367	1.3305588350136772	3.418602101648199	2.0959786701551844	0.39006501879011807	
87	88	0	obj88-val48478	1264.7400440528634	142.1733920704846	38.693436123348015	207.4173672246696	23.316436299559474	15.477374449339207	1234	121	25	1300	161	50	71422.0	0.3178292402901067	244.21568000000002	22700	380.2333440000299	7840.0	5099.031	0.12093608346363043	0.49452198718884416	0.43958324528039455	0.7603502801766364	0.12270121570208785	0.4969163184196771	0.9769408122931148	12.210556030273438	5.480014234596462	1.3173943826410923	1.4936299906577077	265.9249020957314	0.9183633351948507	1024.1320202653758	306457.83578192245	2.5893321554714758E7	3.4224818962671475	0.024105710132306314	2.440243979182129	6.445783562738544	4.067068677943534	0.8048276629404727	
88	89	0	obj89-val48927	677.5393522211839	148.24773778861714	34.00184623800515	111.11645376427417	24.312628997333213	13.60073849520206	642	122	17	709	173	48	113152.0	0.38773508201357465	472.0032832000001	43873	548.9014400000688	11282.0	7476.771933333333	0.15159635232758056	0.5332078365583385	0.520840368483605	0.8045781097485977	0.15235590884166486	0.5340968785140598	0.9850712928618003	14.744233131408691	6.818627575923658	1.298617159774685	1.5253056429392156	516.2503369278226	0.9142914772876775	1597.13984122026	746295.6689877941	9.758665790865281E7	3.418022880760946	0.02395309375959016	2.7202987931146243	7.743392065209813	5.132133090432921	0.9992286514627563	
89	90	0	obj90-val49376	988.324297188755	166.62543276554493	36.508239855975624	162.08518473895583	27.32657097354937	14.60329594239025	971	132	20	1009	191	51	74880.0	0.3857371794871795	310.74562560000004	28884	415.85808000004465	8304.0	5534.149766666667	0.1647801996023101	0.5482373285220172	0.5566911564926653	0.8226304367767044	0.151854263086256	0.5335100469658152	0.9841601846531558	13.192529678344727	6.9172862547804	1.5619133240314158	1.5798118939641552	359.72994742738894	0.8638302922019682	1400.2285542069403	507555.29319363536	4.7383041778902166E7	3.8629091850855004	0.017259418032786085	1.7071124610218749	7.00703718787008	4.716617166655547	1.1893944401034549	
90	91	0	obj91-val49825	1374.558394160584	183.4890510948905	38.91149635036496	225.42757664233577	30.092204379562045	15.564598540145987	1364	173	32	1385	192	46	6600.0	0.3321212121212121	23.5824128	2192	80.11596800000127	1580.0	1025.9429666666665	0.13777239629632	0.5164810096423222	0.5032268643574679	0.7954043085987084	0.12231271170267648	0.4963913089619805	0.9532487153309186	5.774972438812256	2.955427294965553	1.760074490500662	1.2823800050044691	27.2189014353869	0.8663984053868113	246.6653296085713	15357.194098091568	271275.72601815563	3.9619076533301194	0.018075345266728087	0.8045152838987872	3.0794398193747576	1.9468548380263762	0.48276144668737114	
91	92	0	obj92-val50722	1177.8706332039467	197.66573824409613	37.238051497822156	193.17078384544726	32.41718107203177	14.895220599128862	1145	173	21	1210	218	51	94116.0	0.3585894003145055	363.0852416	33749	491.32432000007105	9950.0	6426.419533333334	0.1307690441238952	0.5075770113267345	0.48536333876272925	0.7858789504479057	0.12570853958854214	0.5009432863450783	0.9812260266221529	12.81869125366211	6.038334513760029	1.2113059961722128	1.56113832388487	402.61594863027494	0.9018153474427406	1329.3393912082	529178.6880351806	5.935423301871899E7	3.3394073816145546	0.02526644118829894	1.9168414762097674	6.933029853421604	4.6357040813703385	0.8923381959021252	
92	93	0	obj93-val51171	1200.1482926277702	140.20098371777476	38.90954319312528	196.8243199909543	22.99296132971506	15.563817277250113	1186	118	22	1221	164	53	54144.0	0.3266843971631206	190.29457920000004	17688	333.3175360000131	6536.0	4251.481566666667	0.12672832713052384	0.5022942420255521	0.4604568427611963	0.7721997270429652	0.11059378437954559	0.48000293385839193	0.9758679867943592	12.851611137390137	6.918557248437553	2.202031818726535	1.2758198770991627	224.23255240860988	0.8486483213785747	1186.098181843738	284310.2783069074	1.841056299860648E7	4.948216805072298	0.011033292937012674	1.2886098883595833	6.982304095621072	4.1516616245736895	1.2941013499066762	
93	94	0	obj94-val51620	1126.0380020657533	159.78301794866798	37.45988346033169	184.67023233878353	26.20441494358155	14.983953384132676	1081	135	16	1163	195	55	202520.0	0.2533725064191191	552.0457792000001	51313	702.9092480000344	14484.0	9492.839666666667	0.09800351166593257	0.46104949301666753	0.34811180318853147	0.7034602838580986	0.09924412090323137	0.462986787474041	0.9793092402373855	18.9919490814209	9.082594458419107	1.962615820008811	1.2727652621562648	640.1760960105408	0.8623342587145121	2177.4744207874282	1085328.334273979	1.5006128322986197E8	4.368627173412238	0.014534813715607596	2.624063575273344	10.569850293582295	5.711199471523639	1.6694267361677564	
94	95	0	obj95-val52069	1171.4476355161266	152.9714056587224	40.641981805879254	192.11741222464477	25.087310528030475	16.2567927223517	1146	113	25	1196	184	54	110160.0	0.36222766884531593	429.2924352000001	39903	521.3835520000895	10964.0	7434.676533333334	0.1366332470111871	0.5150535891371546	0.43820490617893815	0.7595547404451589	0.14705739392734968	0.5278322228477079	0.9829711366309202	14.008301734924316	6.466379154245059	1.2830408621622174	1.3971409163795163	492.43725063355663	0.8717708391225154	1491.4301724133884	669318.085500354	8.879153098921573E7	3.323328634579161	0.02676472403537586	2.5836715433966826	7.4126457100938286	4.933752308652464	0.9768755821363236	
95	96	0	obj96-val52518	1384.2325035227807	172.6965711601691	40.736496007515264	227.01413057773604	28.322237670267732	16.294598403006106	1370	160	32	1397	187	47	12544.0	0.33944515306122447	45.80926720000001	4258	115.20672000000037	2358.0	1514.2488666666668	0.15639839265282468	0.5387794596485372	0.5905707262417091	0.8389910061110597	0.15521211823826134	0.5374137967605482	0.9673881974939593	6.432666778564453	2.958073378324432	1.3563230221510802	1.1941909205745513	49.35320772430366	0.9281922961502164	313.09699872574095	29952.76697008525	891867.8701330023	3.2728105122632556	0.029057871896047336	1.347650599921184	3.7122640257357524	2.2458729106938953	0.3854875691468117	
96	97	0	obj97-val53416	1230.167271002067	117.81215900233828	38.95750449015554	201.747432444339	19.321194076383478	15.583001796062218	1191	96	24	1277	143	50	112752.0	0.26171597843053784	317.4696256000001	29509	493.13619200007355	10498.0	7085.789366666667	0.08512196743084627	0.4398935299266597	0.27681947675464125	0.6517267513601824	0.09505087112028317	0.4563720526083219	0.972167166494648	15.191839218139648	7.176948975423637	1.5314115198486649	1.7689764855579326	373.25212122609577	0.8505500907996028	1496.3271789896748	569179.1964306651	5.1012231001705155E7	3.9337260402769183	0.015226308483854338	2.001869172898369	8.129029517674123	4.617600959175102	1.2515729282273533	
97	98	0	obj98-val53864	1115.7417367494622	116.80478681791512	39.54940837081948	182.9816448269118	19.15598503813808	15.819763348327792	1087	88	18	1144	140	53	110664.0	0.3696233644184197	440.06159360000004	40904	532.0907840000709	11034.0	7300.570766666667	0.1408591275148655	0.5203097311544878	0.4863103220768465	0.7863897229696093	0.14538583569521693	0.5258246945435638	0.983587903779268	14.571895599365234	6.669799091460343	1.4291536620412248	1.235777627382221	492.41204004708294	0.8936856896470742	1497.0427891213565	661478.9532565144	8.878243976280268E7	3.38807017430706	0.026462107795151485	3.0136458830472326	9.060816304470668	4.9707668836257675	1.009922546591218	
98	99	0	obj99-val54762	1266.881555153707	190.87876405377781	39.90309772780879	207.76857504520797	31.304117304819563	15.961239091123517	1232	168	27	1307	213	53	94392.0	0.26949317738791423	273.6721792	25438	409.04224000004416	8796.0	5786.5837	0.1075381689217948	0.4755408925715835	0.3777039975732396	0.7228538977029793	0.1237682357203379	0.4983525703326606	0.9755400901707406	12.41529655456543	5.186315910830689	1.1265243006735337	1.5277141348279777	301.3993168998269	0.9080053067637102	1062.8798678781918	347962.3964505344	3.3262453156701766E7	3.2466543082374715	0.027701400905585667	2.4461238955757993	6.993511494379087	4.162138514385274	0.7505923642930931	
99	100	0	obj100-val55211	1107.009453197405	201.58591288229843	40.74569045412419	181.54955032437442	33.06008971269694	16.298276181649676	1093	189	28	1121	214	51	18096.0	0.29813218390804597	58.04156800000001	5395	142.43203199999883	2786.0	1741.0409000000002	0.1522270864342345	0.5339463035029949	0.6237468291076507	0.8544161530985679	0.13185834966386278	0.5089824859719895	0.9691929348078185	9.363719940185547	4.222049950783462	1.9809527164241756	1.2941406266535236	62.07675397944234	0.9349968269800538	466.25018204461935	48950.80058725467	1411002.3834915005	4.440973991204596	0.013921008678690812	1.4922707227201808	5.2393381809353174	2.6794509216473674	0.8018612058398731	
100	101	0	obj101-val56109	1331.3489843386571	164.16365327957823	40.414358815320206	218.3412334315398	26.92283913785083	16.165743526128082	1302	130	28	1361	197	50	93840.0	0.34361679454390454	346.90460800000005	32245	474.26044800007213	10556.0	7148.220933333334	0.09997214061333477	0.46411613168373966	0.32194614935601845	0.6853741890477413	0.12759151353530993	0.5034320892719103	0.9761059122105928	12.019054412841797	5.809659509280096	1.335573891354192	1.229873241463806	374.40740939047606	0.9265431166673498	1211.773451212041	448437.54335078265	5.132850533321622E7	3.2744691403184185	0.028846579118453564	2.443545496348827	6.132899242397278	4.287007502450034	0.7402827606073845	
101	102	0	obj102-val56558	1084.7138879220327	176.72784545770972	40.46501914375217	177.89307761921336	28.983366655064394	16.18600765750087	1056	155	19	1117	201	53	101990.0	0.2816942837533091	309.0888320000001	28730	452.55734400006094	9444.0	6237.264300000001	0.11082958071212247	0.480343828467093	0.3847168279785733	0.7273002347737241	0.11657304733983137	0.48850201670459964	0.9771173047779613	16.45309829711914	7.283281484394093	1.645051861766356	1.699371591945211	351.90248262781085	0.8783366053342324	1476.7173240828465	529761.2066215612	4.534343426570392E7	4.116371731243428	0.014080636938098379	1.8907602182437484	10.014654895814065	4.7502824510660275	1.4329239730951964	
102	103	0	obj103-val57904	1045.278375651589	145.974356818564	40.4022196065243	171.42565360686058	23.939794518244497	16.16088784260972	1019	121	17	1077	171	54	114342.0	0.3120638085742772	383.88122880000003	35682	484.4087680000761	9926.0	6629.0698999999995	0.1472407220967626	0.5280514711120471	0.49430266950206875	0.7906743531660039	0.14662571392294577	0.5273152416911892	0.9835109439570829	15.676254272460938	6.815964070528671	1.5045923284645195	1.3189251351383604	444.23485877317034	0.8641402654896397	1464.4625826856936	602560.0057683452	7.225951082492305E7	3.559231670797223	0.023007009809318107	2.495647525822176	9.443835546619393	4.897290471515283	1.1661129264067283	
103	104	0	obj104-val58353	1228.1121073935544	147.07280832095097	41.92929241174361	201.41038561254294	24.11994056463596	16.771716964697443	1206	126	25	1256	168	53	63597.0	0.3068855449156407	209.97169280000003	19517	350.28694400002	7236.0	4795.419633333333	0.11370585368227705	0.4844637157190828	0.3906597309491111	0.7310260987455692	0.11601176151940536	0.48771672876351074	0.9743985806821348	12.059226989746094	5.262272186190883	1.2880458991204116	1.5118076304532542	243.3600578863543	0.8628026087093299	960.8379295470977	271746.0622002213	2.1685445499918498E7	3.397324396833897	0.02444656993377037	1.9368831767990715	7.163269154527107	3.8995163499267482	0.8840431054532529	
104	105	0	obj105-val58802	1008.8411861144772	142.31680804048756	41.417848741891795	165.44995452277428	23.339956518639962	16.56713949675672	988	105	21	1032	176	53	106920.0	0.2624205013093902	301.85918720000006	28058	427.26592000005434	8826.0	5744.907433333334	0.1295012695228258	0.5059314042942219	0.46958767436252474	0.7772705798364099	0.13211934420658533	0.5093180833966128	0.9798176859619505	12.867424011230469	5.927266828514861	1.2338015677693095	1.6220491664882084	353.2623661684074	0.8544900790708557	1245.2296754111253	456682.60322377796	4.569455956407691E7	3.3953492722924947	0.023665523174655	2.213166127754716	8.248397337885308	4.37250919105181	1.000463795487335	
105	106	0	obj106-val59251	1026.9041544297602	201.7737090063632	35.59101199216838	168.41228132648067	33.09088827704357	14.236404796867355	995	172	16	1061	230	50	138355.0	0.23626179032199776	351.6705792	32688	561.0453120000601	11486.0	7571.187033333333	0.0797485207680346	0.4304353306085501	0.2784435406558907	0.6529987990036679	0.0792009942243014	0.4294479937821619	0.9718306685543437	15.24923038482666	7.781343574482183	1.3657295531827764	2.483017224611621	426.13108468827073	0.8252638491680533	1826.9800276787232	848534.9047810356	6.6489976529644296E7	3.933669673138881	0.010903220133399458	1.0205407028709965	8.114262936772382	5.086006718993061	1.4557492366804765	
106	107	0	obj107-val59700	1088.9874326750448	240.63435068821065	38.44225014961101	178.59393895870735	39.46403351286655	15.376900059844406	1074	233	30	1101	250	45	8064.0	0.41443452380952384	35.95457280000001	3342	100.11872000000047	2010.0	1323.1344666666666	0.15555253472272795	0.5378064008746591	0.5453223739758808	0.8169919403499131	0.14568497830988686	0.5261850887911604	0.9642551954715246	6.264225959777832	3.2574020571636315	1.6017452752214292	1.3725377975016342	41.11416464775617	0.8745057356275935	314.9501839280352	26353.88844589944	618945.8994715204	3.763908258165877	0.019811943972572583	0.9408165665870543	3.4645066423894124	2.17650302565185	0.5383222503339696	
107	108	0	obj108-val61046	1196.0802139037432	168.54367201426024	40.168627450980395	196.1571550802139	27.64116221033868	16.06745098039216	1188	156	30	1208	180	50	11025.0	0.254421768707483	30.177312000000008	2805	101.70230400000189	1948.0	1212.0648333333331	0.12037914295453202	0.4937616876980472	0.49973590308949273	0.7935607588019696	0.09790865947046434	0.4609007036920301	0.951739274176525	8.166370391845703	4.086445548172813	2.2637925645105486	1.6161036347694395	34.51304452633858	0.8743740928729203	394.20644725560965	27410.04872175209	436150.41702814674	5.669407035185906	0.007119756215017214	0.813133683618649	4.118902398520802	2.307965466770651	0.7933777932261205	
108	109	0	obj109-val61495	1289.7897920604914	214.7586956521739	40.40822306238185	211.5255258979206	35.22042608695652	16.16328922495274	1268	201	29	1312	234	49	32130.0	0.32928727046374107	113.82387200000001	10580	211.9444159999867	4320.0	2809.386733333333	0.15702632561964544	0.5394995550222514	0.5709382337173426	0.8295891098845033	0.15390514804750283	0.5359011058785006	0.9764249034566896	8.63694953918457	4.092621075333745	1.2158929249069492	1.5646842514690558	124.12973349978448	0.9169750775320696	608.0220955062669	110487.54666120397	5641848.170529865	3.345995813966636	0.025099398226009213	1.6093304823761747	4.815426270981565	3.124568311151577	0.5760033099294986	
109	110	0	obj110-val61944	1296.7374565325385	170.36885245901638	44.31880278191753	212.66494287133634	27.940491803278686	17.727521112767015	1276	154	36	1315	185	53	23040.0	0.3494791666666667	86.62663680000001	8052	180.66633599999108	3796.0	2500.5303666666664	0.13405446835448678	0.51179266321429	0.4689899181521343	0.776940633925226	0.1439208018165538	0.5240525081966879	0.9698134510535924	7.0228118896484375	3.2254080810987995	1.0681920379357839	1.3277182140194104	92.77650564530214	0.9337130795935131	459.0395219359411	67671.02024085753	3151706.524986087	3.1138481723665987	0.03258333510868869	1.287248172643621	3.902382413830888	2.700975910250557	0.3965055858675694	
110	111	0	obj111-val62393	1143.2765449773324	132.48818897637796	45.42901455499881	187.49735337628252	21.728062992125984	18.171605821999524	1127	119	33	1155	142	53	14616.0	0.28674055829228245	45.08845440000001	4191	126.91238400000076	2468.0	1574.466333333333	0.13214545451616636	0.5093516327698899	0.5089645794125844	0.7984159171997861	0.11247890072272723	0.4827148625422066	0.9614886905020814	8.166370391845703	4.052070161416497	1.9863036553319193	1.3321282512049448	53.025178031362294	0.850321603320822	426.1980253605195	40294.76018781536	1029518.1779196131	4.507900182915922	0.013298410033634517	1.0310838205230775	5.0265722071508465	2.5272204317380744	0.7592895645086576	
111	112	0	obj112-val62842	1108.9477225672879	221.05020703933747	40.90320910973085	181.86742650103523	36.25223395445135	16.361283643892342	1084	209	30	1124	230	48	17138.0	0.2254638814330727	41.570457600000005	3864	127.07507200000015	2546.0	1565.6724666666664	0.1023178512339902	0.46771805357471213	0.4399708120314093	0.7605736735293208	0.09524471584646474	0.45668208012673067	0.9507724072892867	8.119196891784668	3.813000805308131	1.6685897131487775	1.617975502729323	51.54875890253408	0.8064298439968153	404.4413545921054	39860.84221699573	972985.0688562663	4.10359641710113	0.014707522006007886	1.093177022440517	4.5523871482699745	2.47942777536271	0.7616004181057302	
112	113	0	obj113-val63291	1304.1000600961538	143.3125	46.09705528846154	213.87240985576923	23.50325	18.438822115384617	1291	130	40	1316	157	52	9464.0	0.3516483516483517	35.803955200000004	3328	94.62537600000043	2036.0	1349.4958666666666	0.1484176967794096	0.5294547375783036	0.5096879105956348	0.7987939695453747	0.17111635826748076	0.555176104446933	0.9625044815127958	5.188234329223633	2.408943713997122	1.1636736588409744	1.1467111054549242	37.70961688678071	0.9494648356544629	248.1297210328575	19956.664494957604	520683.7079741593	3.085102647058079	0.0340829852900824	1.3459679968941178	2.8384700396465083	1.9882844678092402	0.22661070239901143	
113	114	0	obj114-val63740	316.602877573381	105.06004555677296	48.25497376160544	51.92287192203449	17.229847471310766	19.30198950464218	264	88	28	363	129	67	168000.0	0.4128809523809524	746.2456576000001	69364	881.5564160000398	16858.0	11772.727233333335	0.11358016207911163	0.48428513971421067	0.3334950461735593	0.6934733816443778	0.09193178139070816	0.45132449415204656	0.9834287731254862	20.403799057006836	9.13857059174735	1.1372972367869578	2.9575046987585094	835.6992061890443	0.8929596343677646	2890.0559948110454	2241264.2552102157	2.557229630048653E8	3.726657235409244	0.010593780152506603	2.1452631810472487	10.539909582129726	6.4828434541273285	1.7257715644736498	
114	115	0	obj115-val64188	1273.3672763222937	123.80029658922392	45.549184379634205	208.8322333168562	20.303248640632724	18.219673751853684	1261	115	38	1287	136	50	7722.0	0.26197876197876196	21.764243200000003	2023	80.17763200000063	1660.0	1058.8157333333334	0.10118587111024616	0.4659868092730143	0.3899267059993812	0.7305685856079024	0.10393931191704371	0.4701758014899537	0.9373542444139038	5.379124164581299	2.347152933056656	1.1096348306415664	1.6627324668744774	26.456367427538147	0.8226466940183873	215.67838042190255	14102.321152685341	256289.1233092122	3.2985466206431693	0.025545260425858918	0.6114745512280932	3.206505750468607	1.7917482248005752	0.39034620222054633	
115	116	0	obj116-val64637	1221.4688319800125	176.67324588798667	46.02227774307725	200.32088844472207	28.974412325629814	18.4089110972309	1189	150	34	1257	202	54	76797.0	0.31270752763779835	258.36297600000006	24015	396.04950400004503	8736.0	5861.091033333333	0.09783171781812687	0.4607799390259429	0.32395311102927477	0.686795411543076	0.1215246864107851	0.4953229773839723	0.9730996828262433	11.693803787231445	5.360145684653416	1.328335748286087	1.2407813499666487	294.650641413068	0.876845116511399	1033.441721860715	326215.9579157141	3.1789560978314355E7	3.2739103240264655	0.028802259428258866	2.038666040792407	6.244697933318232	3.943509207601616	0.7720353707402676	
116	117	0	obj117-val65535	1294.9710743801652	166.41735537190084	50.611570247933884	212.3752561983471	27.29244628099174	20.244628099173553	1288	161	49	1303	173	52	832.0	0.29086538461538464	2.6035328000000004	242	17.31446400000006	402.0	277.37899999999996	0.10195415890298598	0.4671632229026624	0.31035759018747244	0.677050074724095	0.14769007976930415	0.5285881042805513	0.8613638848164908	2.7370786666870117	1.429384285882454	1.5876481030005598	1.6262112990942552	2.984352549191919	0.8723945167620917	58.74871960371716	874.6175649951085	3261.1441863590417	3.9461956782167804	0.016083285946050567	0.16984647362293162	1.477327480878632	0.7806709777100316	0.2698673442446497	
